Periods,12,,USDA agricultural  data for 11 states in the Northeast Farm Production Region from 1960 - 1989.  For a ,,,,,,,,,,,
Firms,63,,description of the data see,,,,,,,,,,,
Outputs,3,,,,,,,,,,,,,
Inputs,3,,,"Ball, V. E., C. Hallahan and R. Nehring (2004). ""Convergence of Productivity: An Analysis ",,,,,,,,,,
NoTechRegress,,,,of the Catch-Up Hypothesis Within a Panel of States." American Journal of Agricultural,,,,,,,,,,
Prices,,,,Economics 86(5): 1315-1321.,,,,,,,,,,
FarePrimont,,,,,,,,,,,,,,
Window,3,,,,,,,,,,,,,
Base,5,,,,,,,,,,,,,
UnitMeans,,,This last option instructs DPIN to rescale quantity variables to have unit means.,,,,,,,,,,,
end,,,,,,,,,,,,,,
Obs,State,Year,Nông nghi?p,Công nghi?p,D?ch v?,Lao d?ng ( Nghìn ngu?i),V?n tích lu? (T? d?ng),Ð?t (Nghìn Ha),Investment,P2 = Crops,P3 = Other,W1 = Capital,W2 = Land,W3 = Labor
1,1,2010,14322,102623,128804,3546,152961.5649,281.2,170535,65,66,67,68,69
2,2,2010,3664,14390,8720,599.522,12461.4112,109.8,14081.747,66,67,68,69,70
3,3,2010,3744.85415,20371.55235,11758.87309,593.114,19175.46279,70.8,21388.6,67,68,69,70,71
4,4,2010,4297,26090,15549,644.33,45002.81943,490.6,48623,68,69,70,71,72
5,5,2010,6758.50332,16198.41587,12660.01253,1034.736,18160.94821,141.9,20087.728,69,70,71,72,73
6,6,2010,5731.53568,21322.37965,28244.47301,1026.794,26970.78072,110.5,31653.631,70,71,72,73,74
7,7,2010,4647.59702,13405.94367,7439.70886,682.7828957,8854.404162,81,10024.921,71,72,73,74,75
8,8,2010,9802.148768,5498.865933,8747.098396,1082.2,7521.247389,136.2,8929.366286,72,73,74,75,76
9,9,2010,3165.6,5897.9,4790.1,474.0730538,7811.058791,71.2,8975.558,73,74,75,76,77
10,10,2010,7210.643,6995.176,9342.917,1037.693,10720.38636,133.6,12178.279,74,75,76,77,78
11,11,2010,3401.856,5267.822,7912.951,530.626,22958.34979,116.1,23843.215,75,76,77,78,79
12,12,2010,2650.63,1476.071,3192.511,454.545,4114.414121,702.2,4545.286,76,77,78,79,80
13,13,2010,1661.434,1495.513,2980.327,338.69,4516.248873,647.9,4857.006,77,78,79,80,81
14,14,2010,1180.101,889.135,1932.723,187.649,2493.014342,428.5,2705.245,78,79,80,81,82
15,15,2010,3368.702,2217.236,4288.211,436.074,4612.30936,559.3,5064.256,79,80,81,82,83
16,16,2010,2347.28,3764.047,5276.048,353.232,6169.210525,434.6,6926,80,81,82,83,84
17,17,2010,2739.251,2499.792,4785.217,448.848,5668.436883,601.9,6301.237,81,82,83,84,85
18,18,2010,4880.613115,8485.5,10408.12936,671.6001513,8707.257871,321.8,10172.955,82,83,84,85,86
19,19,2010,3268.87,2160.939,5556.841,462.93,3723.844544,698.5,4272.981,83,84,85,86,87
20,20,2010,6197.2,6901.2,8322,978.411,8111.560296,342.8,9675.636,84,85,86,87,88
21,21,2010,5137.6,6390.6,8958.9,837.1,8840.583248,312.9,10016.789,85,86,87,88,89
22,22,2010,1600.403507,1607.844035,2961.407995,268.404,4959.419156,772.1,5496.839,86,87,88,89,90
23,23,2010,1067.79,720.1,1833.47,227.61,4124.674587,504,4502.455,87,88,89,90,91
24,24,2010,4959.26,2699.56,5975.01,644.687,11619.3192,911.6,12272.06,88,89,90,91,92
25,25,2010,3429.62,5518.077,4365.282,510.925,5493.276552,394.7,6063.731,89,90,91,92,93
26,26,2010,11919.288,18267.455,18536.241,2074.1,24844.29443,970.5,28827.925,90,91,92,93,94
27,27,2010,12281.534,10344.352,17429.838,1717.943,20388.59508,1316.2,23038.262,91,92,93,94,95
28,28,2010,4768.14,3899.57,6134.7,656.521,11717.36244,523.1,12695.701,92,93,94,95,96
29,29,2010,3135.162,2416.16,6605.272,454.536,5387.256086,745.4,6145.4,93,94,95,96,97
30,30,2010,2562.982,3486.413,3493.335,312.231,4024.489086,399.5,4742.385,94,95,96,97,98
31,31,2010,2867.215,6465.212,9691.917,557.589,8290.702366,423.1,9200,95,96,97,98,99
32,32,2010,963,7517,22632,442.729,21272.0739,114,22380.258,96,97,98,99,100
33,33,2010,4896,6620,10731,794.933,22353.49762,850.4,23419.13,97,98,99,100,101
34,34,2010,5531.112,17398.158,6387.407,704.782,14635.62091,433,15481.878,98,99,100,101,102
35,35,2010,8614.8,5899.7,11263.7,838.413,8807.211035,475.7,10194,99,100,101,102,103
36,36,2010,4168.2,3381.8,5773.4,486.79,5465.214105,411.2,6116,100,101,102,103,104
37,37,2010,4688.3651,6576.35337,14403.45508,613.9,13613.91635,397.7,15360,101,102,103,104,105
38,38,2010,3431,1482,3294,217.48,7343.327549,282.7,5017.5,102,103,104,105,106
39,39,2010,9331.767,3564.799,8046.17,626.432,11427.60657,736.8,12735.029,103,104,105,106,107
40,40,2010,2056.76,1318.19,3158.15,242.014,4952.132826,890.2,5579.368,104,105,106,107,108
41,41,2010,8433.846,6307.466,8098.237,739.777,6663.397526,1425.3,8030.823,105,106,107,108,109
42,42,2010,12317,3666,12167,938.271,7827.67762,1208.2,9025.977,106,107,108,109,110
43,43,2010,4345.944,1953.11,1808.13,288.267,3297.407337,612.8,3749.2,107,108,109,110,111
44,44,2010,10237.382,4131.953,9623.124,659.934,11296.63802,933.1,12163.257,108,109,110,111,112
45,45,2010,7884.48,4555.66,5141.66,513.829,7033.904244,673,7907.86,109,110,111,112,113
46,46,2010,10933.638,7425.813,9981.072,609.2765574,9363.366921,375.1,10513.851,110,111,112,113,114
47,47,2010,6157,74844,22990,1029.621,24236.3733,255.9,28131.485,111,112,113,114,115
48,48,2010,14511,54567.8,24091.2,1424.59,28828.40977,525.7,32321,112,113,114,115,116
49,49,2010,6834.436871,174548.2588,20258.38452,515.519,35986.00265,178.3,37788,113,114,115,116,117
50,50,2010,4899.779811,199014.0264,259381.1938,3752.693,158942.9952,162.9,170098,114,115,116,117,118
51,51,2010,9932.22,10557.42,11819.57,836.8,10821.69425,420.2,12151.4,115,116,117,118,119
52,52,2010,15361.113,5717.981,9297.794,988.718,11410.3871,214.4,13067.103,116,117,118,119,120
53,53,2010,7973,2713,8306,768.007,8555.821045,165.3,9347,117,118,119,120,121
54,54,2010,9771.25625,2047.09491,5910.74915,564.589,3809.64526,173.1,4478.15,118,119,120,121,122
55,55,2010,8001.304,3813.844,8718.858,583.997,6978.296956,132.1,7519.999,119,120,121,122,123
56,56,2010,12432.511,5536.92002,10249.88029,944.65586,6656.745737,311.8,7299.346,120,121,122,123,124
57,57,2010,15732.8,4165.9,12483.9,1192.945,7344.339541,335.2,7864.88,121,122,123,124,125
58,58,2010,18768.269,10752.33,14565.632,944.237,15613.91726,584,17083.14,122,123,124,125,126
59,59,2010,4878.016,10124.69,13895.101,655.29,25954.19253,131.3,26461.297,123,124,125,126,127
60,60,2010,5267.544311,1773.808231,5611.62319,425.536,7432.96877,152.5,8105.59,124,125,126,127,128
61,61,2010,11502.0354,2528.85302,6568.06815,728.0348387,4451.15489,248.3,5063.048,125,126,127,128,129
62,62,2010,8059.549,2083.777,6072.498,463.17,3974.603344,122.4,4733.768,126,127,128,129,130
63,63,2010,9618.25,8976.303,5915.562,644.611,9899.974901,314.3,10687.083,127,128,129,130,131
64,1,2011,14845,113138,144000,3544,328273.0943,281.15,184217,128,129,130,131,132
65,2,2011,3575.299,23861.047,8865.224,596.726,27032.81591,109.75,15296.912,129,130,131,132,133
66,3,2011,4024,30493,12626,584.147,35717.0613,70.8,17658,130,131,132,133,134
67,4,2011,4391,29031,16667,663.6,81323.63909,492.05,38940.898,131,132,133,134,135
68,5,2011,7255.64351,17807.24256,13537.10609,1059.725,36357.61208,141.8,19254,132,133,134,135,136
69,6,2011,6028.235,23451.149,32021.233,1040.622,54428.42837,110.65,29027.895,133,134,135,136,137
70,7,2011,4862.97699,15247.71512,7987.63825,699.8774482,18468.00696,80.95,10129.109,134,135,136,137,138
71,8,2011,13392.23974,7825.786785,10885.98953,1098.9,26347.91454,136.25,19264.55655,135,136,137,138,139
72,9,2011,3266.7,6851.2,5183.4,463.9618636,18073.06948,71.3,10716.773,136,137,138,139,140
73,10,2011,7409.217,7644.885,9965.11,1041.972,23642.29709,133.8,13546.055,137,138,139,140,141
74,11,2011,3540.564,5717.183,8418.788,551.009,41157.82043,116.25,19536.113,138,139,140,141,142
75,12,2011,2777.208,1616.278,3413.114,465.11,7730.278633,720.35,3855.407,139,140,141,142,143
76,13,2011,1679.994,1386.207,3146.949,340.255,9302.41044,647.9,5049.099,140,141,142,143,144
77,14,2011,1254.447,824.336,2084.982,195.89,5287.230261,430.2,2939.36,141,142,143,144,145
78,15,2011,3437.819,2214.553,4577.334,447.144,8895.280255,559.25,4551.501,142,143,144,145,146
79,16,2011,2341.498,4299.738398,5695.853,375.737,12297.70214,439,6487.665,143,144,145,146,147
80,17,2011,3056.461,3553.687,3738.596,470.949,11812.5537,601.9,6474.135,144,145,146,147,148
81,18,2011,5128.131481,9453.142,11258.75927,679.6816545,20632.48623,322.1,12432.16766,145,146,147,148,149
82,19,2011,3365.003,2239.928,5907.422,476.135,7524.074864,705.15,4017.033723,146,147,148,149,150
83,20,2011,6542,8220.4,8877.6,987.037,20463.9067,344.15,12824.604,147,148,149,150,151
84,21,2011,5718.458,7710.254,8616.415,715,19736.01627,313.25,11410.13457,148,149,150,151,152
85,22,2011,1634.75228,1394.05815,3748.304,275.346,10042.45745,771.85,5371.777237,149,150,151,152,153
86,23,2011,1088.52,757.54,1942.24,231.58,7780.798732,513.15,3896.264,150,151,152,153,154
87,24,2011,5347.01,3988.86,6366.02,681.841,21874.17978,929.65,10931.341,151,152,153,154,155
88,25,2011,3593.19,5284.04,4592.33,538.501,9685.129259,396.5,4511.673,152,153,154,155,156
89,26,2011,12142.40524,20087.479,20401.44649,2106.8,54178.73778,972.15,30780.886,153,154,155,156,157
90,27,2011,12877.944,12476.758,18210.489,1739.801,45186.62464,1323.1,25985.06,154,155,156,157,158
91,28,2011,5027.11,4218.07,8877.98,693.591,25999.8609,525.25,14964.687,155,156,157,158,159
92,29,2011,2828.207,4820.777,5556.532,475.676,8354.784338,746.7,3281.176,156,157,158,159,160
93,30,2011,2645.175,3986.081,3819.2,326.707,9407.940062,400.7,5617.758,157,158,159,160,161
94,31,2011,2978.088,7065.432,11024.404,571.239,17007.94906,428.75,9199.934,158,159,160,161,162
95,32,2011,960,9041,24966,481.972,47668.29805,114.2,27634.691,159,160,161,162,163
96,33,2011,5629.063,11498.264,10580.193,805.028,32529.80894,853.15,11477.739,160,161,162,163,164
97,34,2011,5836.08,18126.872,7218.182,694.855,23100.59945,437.05,9317.069,161,162,163,164,165
98,35,2011,9109.8,6013.8,11942,865.121,19994.45243,476.95,11700,162,163,164,165,166
99,36,2011,4526.4,3631.2,6161.8,501.07,11437.02762,413.8,6290,163,164,165,166,167
100,37,2011,4777,7383,15214,640.4,28060.30985,403.95,15239,164,165,166,167,168
101,38,2011,3695,1420,3416,302.967,11367.0967,282.55,4451.3,165,166,167,168,169
102,39,2011,7502.577,6042.854,9986.887,647.57,23208.15072,736.15,12445.863,166,167,168,169,170
103,40,2011,2204.52,1562.81,3288.87,257.629,9756.011091,890.85,5092.193,167,168,169,170,171
104,41,2011,9130.448,7257.385,8727.022,789.646,14186.86942,1426.15,7911.417,168,169,170,171,172
105,42,2011,13265,3775,12484,984.642,15830.71076,1210.95,8458.763,169,170,171,172,173
106,43,2011,4746.086,2393.816,2009.064,303.648,8177.600871,612.85,5072.169629,170,171,172,173,174
107,44,2011,11225.006,4405.883,10551.675,665.135,19632.98512,933.3,8994.040927,171,172,173,174,175
108,45,2011,9456.91,4892.89,8729.99,510.485,14809.79812,672.85,8185.41,172,173,174,175,176
109,46,2011,11515.697,9016.11,11320.934,641.9986553,19448.06375,376.6,10629.835,173,174,175,176,177
110,47,2011,6357,81510,25215,1053.135,56258.24421,255.95,33432.92021,174,175,176,177,178
111,48,2011,15265.5,59660.5,26184.1,1531.75,57132.96066,525.55,29982.95,175,176,177,178,179
112,49,2011,7091.724538,176134.5137,21796.87722,546.87,67855.61623,178.35,33964.73,176,177,178,179,180
113,50,2011,5175.496436,214336.2424,291273.2612,3854.287,328252.7688,162.85,178563.4848,177,178,179,180,181
114,51,2011,10509.7,13128.67,12462.18,852.9,25589.0518,420.2,15397.4,178,179,180,181,182
115,52,2011,16615.89,6797.083,11005.416,995.404,23856.77304,214.4,13110.70228,179,180,181,182,183
116,53,2011,8429,3003,8582,765.081,16280.69845,166.05,8223,180,181,182,183,184
117,54,2011,10115.6766,2288.00506,6245.10278,591.394,9020.221512,173.1,5432.375,181,182,183,184,185
118,55,2011,8494.235,4148.28,9584.06,600.385,13671.12331,133.45,7099.105,182,183,184,185,186
119,56,2011,13635.45311,6504.66069,11061.46452,974.111,12699.8949,311.8,6430.707,183,184,185,186,187
120,57,2011,16499.2,4617.8,13604.7,1245.758,14808.78578,335.15,7892.036,184,185,186,187,188
121,58,2011,20424.125,11887.095,17037.286,992.942,32028.35107,584.05,17323.481,185,186,187,188,189
122,59,2011,5252.691,10187.721,14896.646,661.2,51625.22239,131.25,27182.09113,186,187,188,189,190
123,60,2011,5409.953547,2010.691961,5548.883707,427.916,15060.29898,152.55,8060.08,187,188,189,190,191
124,61,2011,12027.64691,2844.50716,7074.61907,709.7074809,9341.489249,248.45,5149.482,188,189,190,191,192
125,62,2011,8290.395406,2185.07097,6491.408253,466.985,8432.083436,122.6,4688.882752,189,190,191,192,193
126,63,2011,7253.752,7857.809,5257.425,662.47,24015.98892,305.45,14692.39368,190,191,192,193,194
127,1,2012,14960,123803,157830,3631,523500.9312,281.1,214340,191,192,193,194,195
128,2,2012,3535.783,24075.118,9762.381,601.178,38132.95484,109.7,12673.998,192,193,194,195,196
129,3,2012,3971,37045,13428,615.627,61713.60272,70.8,28076,193,194,195,196,197
130,4,2012,4428,29592,17965,682.76,111665.0032,493.5,35076.052,194,195,196,197,198
131,5,2012,7422.60912,18834.25986,14536.69384,1078.224,52807.86044,141.7,18567,195,196,197,198,199
132,6,2012,6192.318,27651.531,39999.423,1050.822,80952.29657,110.8,29692.70847,196,197,198,199,200
133,7,2012,4927.26957,16771.37306,8632.03747,691.9580696,28823.38877,80.9,11430.595,197,198,199,200,201
134,8,2012,14244.84148,9805.582058,12709.58355,1097.7,40645.78985,136.3,15831.8592,198,199,200,201,202
135,9,2012,3228.7,7870.7,5679.7,470.5965851,28409.20568,71.4,11388.356,199,200,201,202,203
136,10,2012,7568.301,8583.881,10448.346,1043.157,37680.43209,134,15414.597,200,201,202,203,204
137,11,2012,3658.114,6269.597,9175.986,550.914,59007.14614,116.4,20245.547,201,202,203,204,205
138,12,2012,2889.182,1852.823,3697.372,469.658,12312.47937,738.5,5032.26,202,203,204,205,206
139,13,2012,1811.883,1470.233,3343.933,341.681,13970.78117,647.9,5209.96,203,204,205,206,207
140,14,2012,1442.615,801.547,2166.303,199.931,8187.298048,431.9,3207.892,204,205,206,207,208
141,15,2012,3629.333,2831.071,4859.12,464.547,12614.80523,559.2,4237.411,205,206,207,208,209
142,16,2012,2509.316,4516.857,6278.360495,394.409,21083.35805,443.4,9501.632,206,207,208,209,210
143,17,2012,2739.251,2499.792,4785.217,477.295,17131.6741,601.9,6006.851,207,208,209,210,211
144,18,2012,5424.518169,9673.731,12062.85644,705.4868917,29817.00323,322.4,10385.74685,208,209,210,211,212
145,19,2012,3550.906,2286.776,6264.829,482.947,11379.32426,711.8,4293.303403,209,210,211,212,213
146,20,2012,6716.3,9926.6,9261.7,999.664,34023.9486,345.5,14751.457,210,211,212,213,214
147,21,2012,6115.259,8147.784,8968.068,848.5,30984.00106,313.6,12397.02188,211,212,213,214,215
148,22,2012,1742.68568,1471.24212,4012.66942,280.366,14294.79635,771.6,4837.013942,212,213,214,215,216
149,23,2012,1110.81,811.22,2042.14,236.12,11765.96318,522.3,4438.165,213,214,215,216,217
150,24,2012,5513.21,5220.9,6858.81,708.274,31175.84413,947.7,10575.186,214,215,216,217,218
151,25,2012,3780.37,5783.22,4792.34,537.382,13143.98198,398.3,4022.724,215,216,217,218,219
152,26,2012,12422.20833,22298.953,21649.29784,2116.4,84501.03158,973.8,33476.597,216,217,218,219,220
153,27,2012,13298.793,13007.656,19246.888,1809.364,70117.47711,1330,27561.632,217,218,219,220,221
154,28,2012,5246.72,5865.43,9314.77,700.595,53156.8358,527.4,28670.695,218,219,220,221,222
155,29,2012,3548.947,2722.361,7573.487,503.233,11370.66816,748,3502.302,219,220,221,222,223
156,30,2012,2785.791,4262.501,4141.488,326.261,14827.74383,401.9,5967.537,220,221,222,223,224
157,31,2012,3029.711,7855.936,12167.503,581.913,25911.1739,434.4,9893.433,221,222,223,224,225
158,32,2012,954,9715,26915,493.406,69888.28871,114.4,24995.254,222,223,224,225,226
159,33,2012,6026.348,12678.742,12028.426,817.85,41569.617,855.9,10933.70379,223,224,225,226,227
160,34,2012,6218.358,19083.874,8192.158,709.172,30449.71726,441.1,8694.042,224,225,226,227,228
161,35,2012,9954.3,6736.9,12561.1,865.535,32140.36911,478.2,13310,225,226,227,228,229
162,36,2012,4910,3585.3,6596.3,527.45,18226.16026,416.4,7455,226,227,228,229,230
163,37,2012,4900.31275,7881.69092,16032.03871,629.6,42109.11882,410.2,15682.48906,227,228,229,230,231
164,38,2012,3834,1811,3727,312.94,14981.50075,282.4,4276.2,228,229,230,231,232
165,39,2012,7722.934,6449.869,10746.22,659.9,34023.21086,735.5,12166.246,229,230,231,232,233
166,40,2012,2383.76,1751.54,3528.34,266.221,14241.37639,891.5,5053.363346,230,231,232,233,234
167,41,2012,9656.156,7202.739,9497.472,802.735,21513.35241,1427,8152.447,231,232,233,234,235
168,42,2012,13016,4088,13389,997.953,23516.28079,1213.7,8607.239,232,233,234,235,236
169,43,2012,5259.136,2751.551,2260.814,321.142,13161.57457,612.9,5460.0762,233,234,235,236,237
170,44,2012,12041.984,5132.485,11427.018,672.626,27134.23814,933.5,8644.291613,234,235,236,237,238
171,45,2012,9928.01,5640.5,9187.14,525.109,23235.287,672.7,9287.72,235,236,237,238,239
172,46,2012,12136.85693,10607.19764,12214.61779,650.652799,31261.02834,378.1,12945.237,236,237,238,239,240
173,47,2012,6543,89382,27749,1132.418,90839.30758,256,37856.43609,237,238,239,240,241
174,48,2012,15861,65278.5,28291.8,1539.22,84924.20267,525.4,31117.541,238,239,240,241,242
175,49,2012,7269.175399,190811.4193,22738.51892,563.791,94458.04085,178.4,30553,239,240,241,242,243
176,50,2012,5485,230718,321368,3935.1,492821.4864,162.8,183679.6974,240,241,242,243,244
177,51,2012,10896.27,14798.95,13227.07,937,40955.34913,420.2,16856.1,241,242,243,244,245
178,52,2012,17636.931,7793.759,11774.276,1002.784,39722.1217,214.4,17254.29751,242,243,244,245,246
179,53,2012,8797,3452,8901,765.3581035,24189.83105,166.8,8857,243,244,245,246,247
180,54,2012,10240.85274,2662.1132,6609.48569,583.417,13954.96712,173.1,5459.905751,244,245,246,247,248
181,55,2012,8756.097,4623.628,10332.195,600.804,20376.5742,134.8,7501.388,245,246,247,248,249
182,56,2012,14315.57482,7132.94342,11851.9529,967.052,19133.93802,311.8,7173.435,246,247,248,249,250
183,57,2012,17051.8,4697.5,14623.9,1234.231,21790.3246,335.1,7843.711,247,248,249,250,251
184,58,2012,22617.076,13187.185,19378.792,1043.884,51056.21937,584.1,20892.569,248,249,250,251,252
185,59,2012,5358.366,10021.548,16067.798,675.997,76218.02726,131.2,27598.4416,249,250,251,252,253
186,60,2012,5643.149746,2515.723984,5849.695449,432.185,23479.58163,152.6,9296.098,250,251,252,253,254
187,61,2012,12496.39944,3024.99253,7695.12306,704.6409182,14908.1038,248.6,6110.479,251,252,253,254,255
188,62,2012,8652.906685,2318.674648,6970.99734,472.729,13172.95296,122.8,5231.788079,252,253,254,255,256
189,63,2012,7776.968,8364.398,5842.898,670.448,33223.82681,296.6,10606.05634,253,254,255,256,257
190,1,2013,15472,134086,172133,3681,728310.5419,282,235288,254,255,256,257,258
191,2,2013,3796.56,26248.701,10266.475,609.983,49778.47418,109.8,13865.632,255,256,257,258,259
192,3,2013,3888.879262,60915.678,14284.67746,624.021,99078.61731,70.7,40958,256,257,258,259,260
193,4,2013,4756,30438,19196,697.1,138490.8045,494.1,33326.973,257,258,259,260,261
194,5,2013,7430.98071,21180.68004,15420.12636,1083.303,69570.37015,141.8,19837,258,259,260,261,262
195,6,2013,6244.997,29097.626,43698.858,1078.591,108678.8133,110.4,32439.585,259,260,261,262,263
196,7,2013,4897.43278,17986.81879,8974.66504,712.671809,40477.87299,81,13332.591,260,261,262,263,264
197,8,2013,14134.88905,11160.06223,14491.58193,1096.774,55801.72515,136.5,17522.346,261,262,263,264,265
198,9,2013,3197.3,8935.9,6056.2,473.7838237,38959.13377,71.4,12203.921,262,263,264,265,266
199,10,2013,7723.515,9472.414,11065.047,1046.489,53137.46446,134.3,17650.799,263,264,265,266,267
200,11,2013,3711.358,6862.482,9662.958,580.032,76420.58649,116.5,20848.855,264,265,266,267,268
201,12,2013,3056.299,2134.629,3952.183,497.344,15667.11094,738.1,4071.468,265,266,267,268,269
202,13,2013,1900.255,1513.996,3794.627,343.494,18387.22289,644.4,5229.825,266,267,268,269,270
203,14,2013,1662.519,757.977,2334.271,203.191,11102.61997,432,3391.989,267,268,269,270,271
204,15,2013,3879.007,2986.057,5091.434,472.763,16094.38429,558.9,4214.017,268,269,270,271,272
205,16,2013,2622.788,4986.92199,6677.38202,402.926,32281.10829,444.6,12425.23,269,270,271,272,273
206,17,2013,3216.677,2785.477,5631.381,494.259,22533.45963,604.1,6399.197,270,271,272,273,274
207,18,2013,5720.950168,9995.605625,13084.87845,704.9194425,51740.34789,324.6,23659.3,271,272,273,274,275
208,19,2013,3659.217,2413.507,6749.574,495.744,15498.42225,713.4,4781.605841,272,273,274,275,276
209,20,2013,6810.2,11416.9,9906.9,1007.667,49848.07158,345.6,17805.008,273,274,275,276,277
210,21,2013,6407.405,8757.613,9439.894,850.3,42455.10669,314,13275.00394,274,275,276,277,278
211,22,2013,1773.00564,1563.90121,4355.59968,286.755,18582.96498,797.7,5120.41618,275,276,277,278,279
212,23,2013,1183.68,1095.28,2159.87,241.59,14938.55109,841.3,3857.606,276,277,278,279,280
213,24,2013,5770.48,5652.91,7401.85,722.65,40851.59565,951.7,11490.819,277,278,279,280,281
214,25,2013,3823.81,6398.05,5112.71,551.2,18326.8952,398.2,5948.16,278,279,280,281,282
215,26,2013,12687.16072,25061.594,23184.76999,2142.7,121224.0149,959.6,41642.66,279,280,281,282,283
216,27,2013,13805.012,14050.861,20654.7,1898.851,95655.13948,1332.4,29619.924,280,281,282,283,284
217,28,2013,5595.05,9058.46,9795.58,705.68,90648.88306,536.5,40586.855,281,282,283,284,285
218,29,2013,3673.802,2997.222,7886.461,518.191,15099.20427,747.8,4390.54,282,283,284,285,286
219,30,2013,2883.293,4599.203,4473.635,338.584,20338.0309,404.5,6373.563,283,284,285,286,287
220,31,2013,3030.923,8392.912,13415.406,593.973,35221.67619,436.3,10819.059,284,285,286,287,288
221,32,2013,984,10503,28218,519.335,89063.4105,122.7,23244.04,285,286,287,288,289
222,33,2013,6148.045,14080,13905.547,830.852,50454.85028,900.5,11305.42949,286,287,288,289,290
223,34,2013,6532.399,22218.913,10170.848,708.228,37437.67912,449.4,8760.754,287,288,289,290,291
224,35,2013,10114.9,7518.6,13185.5,895.627,44169.14668,533.9,13900,288,289,290,291,292
225,36,2013,5074.3,3990.9,7093.2,529.12,25732.02746,421.6,8567,289,290,291,292,293
226,37,2013,4957.71838,8442.29934,17112.59755,657,56322.15209,410.5,16664.63945,290,291,292,293,294
227,38,2013,3804,1874,4006,317.038,18514.77305,283.8,4405.5,291,292,293,294,295
228,39,2013,7964.256454,6882.615032,11470.69673,670.2,43794.6648,735.5,11752.296,292,293,294,295,296
229,40,2013,2501.15,2000.05,3789.08,272.348,18674.59656,892.9,5262.357588,293,294,295,296,297
230,41,2013,10280.917,7571.624,10268.886,828.801,28721.24825,1426.2,8460.41,294,295,296,297,298
231,42,2013,13889,4557,14399,1032.524,30994.5855,1215.2,8847.43,295,296,297,298,299
232,43,2013,5750.889,3139.347,2663.94,333.431,19340.3476,612.6,6945.044053,296,297,298,299,300
233,44,2013,12621.438,5901.146,12213.73,682.658,35578.05009,934,10023.57585,297,298,299,300,301
234,45,2013,10420,6087.57,9750.02,530.395,32007.30127,672.6,10124.78,298,299,300,301,302
235,46,2013,12802.08332,12143.11856,13037.2483,648.8319839,44703.92341,378.1,15262.922,299,300,301,302,303
236,47,2013,6728,97335,30626,1168.949,137586.7434,255.8,52036.129,300,301,302,303,304
237,48,2013,16515.8,70147.8,30441.4,1550.13,115174.9702,525.3,35195.0814,301,302,303,304,305
238,49,2013,7469.377555,194279.7171,24227.06712,578.485,119047.6639,179.8,30089,302,303,304,305,306
239,50,2013,5792,247679,355809,4101.501,664328.2641,163,200199,303,304,305,306,307
240,51,2013,11222.21,16586.29,13960.69,962.4,53194.51579,421.5,14623.6,304,305,306,307,308
241,52,2013,18177.358,9105.952,12459.531,1011.148,56012.40971,214.2,18602.92246,305,306,307,308,309
242,53,2013,9066,3746,9339,765.363,32651.49146,169.4,9870,306,307,308,309,310
243,54,2013,10503.45659,2876.90263,7087.77076,588.535,23613.30954,173.1,10470.805,307,308,309,310,311
244,55,2013,8892.296,5098.029,11313.868,599.95,27089.67262,134.8,7899.429,308,309,310,311,312
245,56,2013,15118.20682,7671.92966,12489.08337,960.561,25295.42411,311.8,7275.47,309,310,311,312,313
246,57,2013,17262.4,4927.1,15672.1,1185.155,28559.01303,335.1,8037.328,310,311,312,313,314
247,58,2013,23764.818,14859.279,21745.671,1057.596,72221.76518,584,24138.055,311,312,313,314,315
248,59,2013,5351.208,11024.638,17247.582,665.944,100416.0316,131.2,28635.44193,312,313,314,315,316
249,60,2013,5638.643419,2878.771984,6027.47297,431.339,32449.97398,152.6,10337.381,313,314,315,316,317
250,61,2013,13154.19061,3102.85186,8226.99227,684.8217691,19268.63629,248.8,5228.487,314,315,316,317,318
251,62,2013,8928.270532,2644.388102,7434.917712,475.823,18636.39021,122.9,6230.37073,315,316,317,318,319
252,63,2013,9429.079,9284.218,10351.82,678.8,40617.04302,296.8,9327.517882,316,317,318,319,320
253,1,2014,15787,145470,188610,3702,956322.0725,282,270414,317,318,319,320,321
254,2,2014,3970.816,28044.495,11051.137,613.075,62449.73872,109.8,15569.383,318,319,320,321,322
255,3,2014,3950.828867,55198.46737,15024,637.89,128089.229,70.7,34779,319,320,321,322,323
256,4,2014,5068,32618,20407,710.8,167230.3852,494.1,36802.559,320,321,322,323,324
257,5,2014,7511.18453,23884.8822,16398.52722,1049.302,86407.05803,141.8,20887.09677,321,322,323,324,325
258,6,2014,6668.1,34559.1,41874,1088.859,137801.0406,110.4,35449.542,322,323,324,325,326
259,7,2014,4986.03542,19374.0339,9527.85082,712.3534461,52694.20546,81,14572.967,323,324,325,326,327
260,8,2014,15287.22022,12466.85524,16059.24587,1101.637,75465.97139,136.5,22913.04028,324,325,326,327,328
261,9,2014,3311.7,10401.3,6472.9,474.9733106,49967.54371,71.4,13276.623,325,326,327,328,329
262,10,2014,8018.38,10434.182,11583.1,1045.024,64487.21252,134.3,14443.428,326,327,328,329,330
263,11,2014,3757.778,7934.303,10122.328,582.857,88257.20184,116.5,16285.846,327,328,329,330,331
264,12,2014,3220.875,2337.057,4187.166,503.78,18699.0068,738.1,3944.04,328,329,330,331,332
265,13,2014,1981.034,1599.348,3922.241,344.77,23094.46397,644.4,5777.751,329,330,331,332,333
266,14,2014,1714.549,755.061,2540.2,205.914,14067.59694,432,3611.375,330,331,332,333,334
267,15,2014,4030.133,3162.802,5339.113,474.962,19435.16117,558.9,4277.797,331,332,333,334,335
268,16,2014,2840.7406,6078.953,6968.052,411.066,42081.89395,444.6,11680.20197,332,333,334,335,336
269,17,2014,3345.528,3064.481,5886.267,501.567,28613.7435,604.1,7392.189,333,334,335,336,337
270,18,2014,6236.616335,17124.01567,13979.42391,721.5812034,87796.15175,324.6,39068.14323,334,335,336,337,338
271,19,2014,3762.25,2625.774,7274.32,501.52,19953.83822,713.4,5357.739,335,336,337,338,339
272,20,2014,7202.7,13017.7,10535.8,1012.548,67053.25613,345.6,20107.355,336,337,338,339,340
273,21,2014,6668.892,9610.063,9912.887,843.5,54656.96736,314,14673.61037,337,338,339,340,341
274,22,2014,1843.07289,1685.7169,4659.27849,305.246,22754.63995,797.7,5253.581053,338,339,340,341,342
275,23,2014,1250.48,1311.23,2240.9,246.665,17592.75493,841.3,3523.931,339,340,341,342,343
276,24,2014,6014.84,6574.54,7998.47,730.29,47209.98587,951.7,8736.783,340,341,342,343,344
277,25,2014,5038.78,8139.41,6137.87,548.416,23681.60758,398.2,6421.71,341,342,343,344,345
278,26,2014,13010.58448,28392.39583,24007.10765,2168.407,180359.7755,959.6,66193.461,342,343,344,345,346
279,27,2014,13900.837,15506.908,22201.573,1924.361,123699.7621,1332.4,33613.695,343,344,345,346,347
280,28,2014,6021.05,12565.89,10640.72,715.58,150806.3465,536.5,65435.07,344,345,346,347,348
281,29,2014,3810.079,3288.669,8337.693,520.871,23036.92384,747.8,8816.8,345,346,347,348,349
282,30,2014,2982.478,4951.492,4828.789,340.804,26234.94233,404.5,7080.998,346,347,348,349,350
283,31,2014,3225.205,9051.092,14598.907,602.616,44496.30609,436.3,11325.247,347,348,349,350,351
284,32,2014,1015,11562,29700,536.667,107304.8908,122.7,23426.78011,348,349,350,351,352
285,33,2014,6469.339203,16520.31342,15730.2619,839.697,59639.09699,900.5,12121.744,349,350,351,352,353
286,34,2014,7009.572,20888.161,11281.84,716.299,46196.71164,449.4,10938.666,350,351,352,353,354
287,35,2014,10816.5,8350.2,13874.2,895.504,56310.60503,533.9,14713,351,352,353,354,355
288,36,2014,5124.1,4389.5,7586.1,517.86,34893.90071,421.6,10660,352,353,354,355,356
289,37,2014,5104.88691,9340.32342,18249.6557,674.3,70641.05863,410.5,17598,353,354,355,356,357
290,38,2014,4275,2270,4344,327.315,21791.83713,283.8,4355,354,355,356,357,358
291,39,2014,8991.156,7201.033,12307.27,681.5,53974.6676,735.5,12729.742,355,356,357,358,359
292,40,2014,2608.16,2221.11,4066.75,281.08,23287.19316,892.9,5699.837506,356,357,358,359,360
293,41,2014,10962,8398.581,11012.867,844.887,36469.8294,1426.2,9420.741288,357,358,359,360,361
294,42,2014,14154,4728,15208,1052.968,38774.00096,1215.2,9583.93,358,359,360,361,362
295,43,2014,6235.401,3600.861,3127.8505,349.271,24982.29122,612.6,6767.94476,359,360,361,362,363
296,44,2014,13410.639,6379.129,12935.058,689.7309139,47980.9608,934,14474.276,360,361,362,363,364
297,45,2014,11019.98,6520.09,10355.38,542.642,41382.65609,672.6,11238.83,361,362,363,364,365
298,46,2014,13437.3893,14202.15382,14452.88788,641.1179702,57749.36189,378.1,15648.115,362,363,364,365,366
299,47,2014,6945,105975,33471,1288.638,186624.5289,255.8,57048.129,363,364,365,366,367
300,48,2014,17176.5,75912,32861.1,1596.09,146332.9915,525.3,37863.5444,364,365,366,367,368
301,49,2014,7677.434014,203830.1857,25686.49731,544.768,144408.6714,179.8,32292,365,366,367,368,369
302,50,2014,6134,265491,396087,4182.658,842607.8631,163,216957,366,367,368,369,370
303,51,2014,11528.14,18576.78,14794.56,957,66792.21431,421.5,16694.7,367,368,369,370,371
304,52,2014,18914.47,10566.951,13267.701,1019.85,74395.69496,214.2,21644.34541,368,369,370,371,372
305,53,2014,9335,4562,9618,802.389,40372.51133,169.4,9622,369,370,371,372,373
306,54,2014,10946.37278,3220.62103,7529.10009,588.954,46332.30621,173.1,24093.771,370,371,372,373,374
307,55,2014,9149.701,5831.256,11904.77,604.871,33773.54634,134.8,8261.043,371,372,373,374,375
308,56,2014,15561.44779,8348.74118,13248.19743,961.404,32895.75654,311.8,9073.04,372,373,374,375,376
309,57,2014,17720.9,5221.1,16732.7,1119.391,35541.16228,335.1,8644.864,373,374,375,376,377
310,58,2014,25263.779,15900.841,24654.403,963.935,94697.73523,584,26680.744,374,375,376,377,378
311,59,2014,5319.112,11950.825,18516.937,664.517,125246.6844,131.2,30676.90585,375,376,377,378,379
312,60,2014,5686.359036,3269.203337,6515.74273,432.633,41178.42426,152.6,10617.698,376,377,378,379,380
313,61,2014,13594.10067,3598.76476,8812.72726,652.5715887,23776.34067,248.8,5629.53046,377,378,379,380,381
314,62,2014,9234.861,2879.089,7936.253,479.058,24871.38333,122.9,7320.009632,378,379,380,381,382
315,63,2014,9717.747,9968.428,11208.642,686.095,48667.01544,296.8,10414.70947,379,380,381,382,383
316,1,2015,13100,103509,318937,3867.5,1109561.7,282.3,208917,380,381,382,383,384
317,2,2015,4276,23330,12046,620.096,77461.28824,112.9,18647.393,381,382,383,384,385
318,3,2015,3993.550112,60838.34773,15914.56128,698.849,168415.8337,71.5,47784,382,383,384,385,386
319,4,2015,5524.23168,38002.79789,24095.57134,688.17,203132.9064,485.8,45638.727,383,384,385,386,387
320,5,2015,7756.4465,26218.59971,17519.61039,1047.794,104220.6117,143.5,22844.19983,384,385,386,387,388
321,6,2015,6402.1,37724.9,50994.9,1108.333058,168570.1195,112.2,38791.899,385,386,387,388,389
322,7,2015,5121.129,20981.96679,10080.61688,712.682,66313.8492,80.9,16687.517,386,387,388,389,390
323,8,2015,16113.01477,13776.32199,17516.19082,1111.2,96724.19733,137.4,25651.87859,387,388,389,390,391
324,9,2015,3488.7,12325.9,6937.1,481.2789859,61682.20156,72.6,14623.784,388,389,390,391,392
325,10,2015,8269.437,11370.521,12129.74,1042.787,76496.46567,124.3,15763.719,389,390,391,392,393
326,11,2015,3867.11,8978.025,10727.908,566.93,99062.03772,116.6,15943.198,390,391,392,393,394
327,12,2015,3630.366,2192.643,4308.255,491.742,21847.97373,658.9,4237.629,391,392,393,394,395
328,13,2015,2151.978,1387.204,3528.384,343.779,27057.065,640.7,5307.168,392,393,394,395,396
329,14,2015,1853.39,876.726,2879.604,209.899,15719.89801,471.8,2471.321,393,394,395,396,397
330,15,2015,4241.227,3612.678,5653.602,467.803,22752.09195,566,4448.452,394,395,396,397,398
331,16,2015,3044.085,7374.098,7579.445,417.50473,51502.86078,507.4,11870.98797,395,396,397,398,399
332,17,2015,3485.123,3473.198,5940.109,497.883,33662.26833,608.1,6714.426,396,397,398,399,400
333,18,2015,6665.783,27474.81,15599.16,751.4508254,149192.3932,332.7,66507.76107,397,398,399,400,401
334,19,2015,3885.9,2851.22,7597.705,485.122,24746.08447,722.5,5953.965,398,399,400,401,402
335,20,2015,10332,20098.1,11231.6,1032.082,84790.59442,359.8,21641.2,399,400,401,402,403
336,21,2015,6553.4,9037.7,11418.5,838.8,64295.48848,325.3,12820.667,400,401,402,403,404
337,22,2015,1938.767,1823.85,5003.635,313.958,26834.85057,739.1,5404.992934,401,402,403,404,405
338,23,2015,1304.05,1487.25,2401.82,254.63,20307.96919,538.5,3739.47,402,403,404,405,406
339,24,2015,6184.27,6915.43,8684.49,725.013,53686.28361,1068.1,9224.878,403,404,405,406,407
340,25,2015,5257.13,8870.22,6533.88,540.963,28950.48692,429.8,6647.63,404,405,406,407,408
341,26,2015,14812.72417,20407.74933,26788.8146,2203.094,255117.8235,1024.6,85258.651,405,406,407,408,409
342,27,2015,14733,15106,27529,1903.627,145477.9229,1549.9,28980,406,407,408,409,410
343,28,2015,6072.7,13721.86,13606.79,573.537,207361.9284,527.7,65335.575,407,408,409,410,411
344,29,2015,3921.4,4039,9620,524.385,31792.30687,754.2,10096.6,408,409,410,411,412
345,30,2015,3593.85,3032.657,7224.904,338.339,32046.18371,399.7,7338.648,409,410,411,412,413
346,31,2015,3651.324648,6628.570487,11532.94786,608.109,53966.03978,435.8,12060.32266,410,411,412,413,414
347,32,2015,1064,12304,32520,549.165,126448.1862,120.3,25390.62,411,412,413,414,415
348,33,2015,6284,13677,15555,848.38,70615.36467,951.1,14448.47472,412,413,414,415,416
349,34,2015,7472.213,24074.765,12301.357,721.188,55300.36052,484.3,11793.236,413,414,415,416,417
350,35,2015,11221.5,9186.2,14783.5,869.242,70189.18385,551.9,17157,414,415,416,417,418
351,36,2015,5384.8,4721.6,8129.2,514.71,39833.30781,445.2,6970.941,415,416,417,418,419
352,37,2015,5023.71253,10095.12147,19273.56964,665.822,87520.31392,369.7,20992,416,417,418,419,420
353,38,2015,4409.39749,2216.410398,4835.6203,319.859,25444.6095,297,4921.5,417,418,419,420,421
354,39,2015,11454.492,6381.411,11877.295,691.027,63978.38043,764,13146.135,418,419,420,421,422
355,40,2015,2407.1,2194.12,4945.14,285.359,28237.15276,915.3,6305.74733,419,420,421,422,423
356,41,2015,11650.71374,9139.002857,11856.60532,860.303,44965.02292,1459.9,10618.47848,420,421,422,423,424
357,42,2015,14684,4718,16251,1058.03,46511.8244,1215,9995.258,421,422,423,424,425
358,43,2015,6032.091229,2026.896234,5652.061409,355.527,30110.65577,627.4,6582.841421,422,423,424,425,426
359,44,2015,14157.746,6831.117,13798.518,702.1299139,62046.36153,948,16858.8674,423,424,425,426,427
360,45,2015,11480.33,7147.07,11044.67,562.139,51742.26481,672,12768.92,424,425,426,427,428
361,46,2015,11776.593,10395.012,12055.999,650.6768223,69315.39483,375.8,14928.219,425,426,427,428,429
362,47,2015,7160,115670,35895,1339.131,238084.7259,251.2,62325.536,426,427,428,429,430
363,48,2015,17922.7,83173.6,35395.9,1631.35,178687.8016,523.8,40874.363,427,428,429,430,431
364,49,2015,7924.279187,214412.8725,27269.87447,574.576,168759.3775,179.1,32758.22453,428,429,430,431,432
365,50,2015,4462,183805,443393,4316,1033269.968,160.9,239719,429,430,431,432,433
366,51,2015,11914.68,20944.27,15809.8,954.5,81274.55053,412.6,18371,430,431,432,433,434
367,52,2015,19347.478,10413.741,13031.089,1064.74,94069.65121,206.7,24005.29707,431,432,433,434,435
368,53,2015,10344.72789,4324.29253,9693.43138,793.711,48875.01099,166.5,10853,432,433,434,435,436
369,54,2015,11266.25626,3873.35253,8012.75862,579.952,65100.86573,174.1,21466.041,433,434,435,436,437
370,55,2015,10000.624,4423.363,10842.205,606.413,40444.65782,135.9,8637.418,434,435,436,437,438
371,56,2015,16164.69385,9108.57413,14207.70413,954.58,41057.52526,311.9,10076.97003,435,436,437,438,439
372,57,2015,17950,5594,17908.9,1110.799,41430.64061,332.1,7958.696,436,437,438,439,440
373,58,2015,22298.666,9180.959,14276.39,932.517,117323.6582,577.6,28139.255,437,438,439,440,441
374,59,2015,5394.576,12851.943,19827.022,710.076,136836.8327,132.4,18882.04971,438,439,440,441,442
375,60,2015,5770.579428,3617.978313,7052.803775,433.498,50170.00242,155.9,11388.999,439,440,441,442,443
376,61,2015,13900.5491,3863.97408,9493.79907,640.5730652,28472.09562,249.4,6080.021,440,441,442,443,444
377,62,2015,10112.772,3073.7,6487.883,493.588,32076.10637,121.3,8652.742817,441,442,443,444,445
378,63,2015,10218.331,10109.158,12036.387,666.868,50569.09052,267,4735.484068,442,443,444,445,446
379,1,2016,15152,147509,269997,3900.3,1279118.668,281.4,234156,443,444,445,446,447
380,2,2016,4377,25163,12892,620.203,93751.25261,112.9,20799.785,444,445,446,447,448
381,3,2016,3983,64416.01781,17560.5,710.15,224030.6107,71.4,65420,445,446,447,448,449
382,4,2016,5778.51851,41784.28489,27232.43583,698.47,230174.5265,486.2,38868.082,446,447,448,449,450
383,5,2016,7979.10128,29673.19006,18883.29519,1030.465,123776.929,143.5,25624.07419,447,448,449,450,451
384,6,2016,6722.6,44892.6,51044.1,1104.011,203149.558,112.9,44393.644,448,449,450,451,452
385,7,2016,5247.0888,22847.52982,10859.71578,709.093,82130.80099,80.9,19677.765,449,450,451,452,453
386,8,2016,17010.63538,15968.54836,19010.39221,1103.587,124329.8808,137.4,33236.99677,450,451,452,453,454
387,9,2016,3579.6,14360.7,7679.8,480.009786,74599.82933,72.8,16508.785,451,452,453,454,455
388,10,2016,8482.107,12265.089,13107.694,1041.55,90923.85931,135.4,18881.042,452,453,454,455,456
389,11,2016,3947.793,9277.027,11709.661,568.373,111019.0636,116.8,17724.449,453,454,455,456,457
390,12,2016,3821.072,2347.948,4605.981,510.448,25406.36681,667.1,4830.389,454,455,456,457,458
391,13,2016,2180.473,1592.787,4686.841,347.072,31166.82414,640.7,5685.03,455,456,457,458,459
392,14,2016,1874.427,937.673,3105.892,211.468,17897.17959,471.8,3092.499,456,457,458,459,460
393,15,2016,4409.229,3539.525,6108.647,466.566,26246.34898,565.9,4818.891,457,458,459,460,461
394,16,2016,3444.359,7566.124,8988.132,423.35252,60651.95799,501.7,12147.61,458,459,460,461,462
395,17,2016,3637.483,3700.408,6333.553,503.73,39478.00246,608.3,7775.562,459,460,461,462,463
396,18,2016,7077.4,33941.3,16854,750.5291778,180101.8901,332.7,39595.5251,460,461,462,463,464
397,19,2016,3929.346,3030.326,7913.654,483.772,29929.35477,722.8,6623.995143,461,462,463,464,465
398,20,2016,10515.6,22602.5,11967.7,1040.29,102376.3593,359.7,22522.3,462,463,464,465,466
399,21,2016,6978.4,9956.9,12253.4,845.3,75268.59887,325.2,14716.414,463,464,465,466,467
400,22,2016,1953.882,1944.733,5438.764,322.776,30763.49667,741.7,5490.97956,464,465,466,467,468
401,23,2016,1446.97,3631.74,3796.92,261.776,22395.99882,539.2,3270.366,465,466,467,468,469
402,24,2016,6396.74,7711.97,9210.21,733.143,61094.72025,1059,10534.069,466,467,468,469,470
403,25,2016,5535.34,9801.48,7185,539.493,34350.95045,429.9,7085.97,467,468,469,470,471
404,26,2016,15137.12042,23619.99033,29144.8524,2219.92,331528.6504,1025.1,91263.867,468,469,470,471,472
405,27,2016,15335,16795,29080,1903.93,174268.1524,1550.7,37260,469,470,471,472,473
406,28,2016,6291.312,9618.939,13418.39,699,226702.5486,530.7,31413.297,470,471,472,473,474
407,29,2016,3960.5,4464.7,10135,512.247,41483.44874,754.4,11542.1,471,472,473,474,475
408,30,2016,3630.482,3322.541,7818.307,335.381,38115.22979,400.4,7934.785,472,473,474,475,476
409,31,2016,3525.443119,7372.460981,12284.33123,603.584,63925.46992,435.7,13101.34999,473,474,475,476,477
410,32,2016,1096,13046,35663,558.346,145538.2289,120.2,26451.896,474,475,476,477,478
411,33,2016,6498,17290,17045,850.077,82393.97987,951.3,15889.864,475,476,477,478,479
412,34,2016,7808.509,24891.123,13384.622,729.686,65405.50309,484.4,13324.747,476,477,478,479,480
413,35,2016,11733.5,10048.4,15773.7,867.29,85855.74743,552,19753,477,478,479,480,481
414,36,2016,5670.9,5152.1,8846.6,517.42,45369.03807,446.5,7854.838,478,479,480,481,482
415,37,2016,5163.01533,10952.03351,21250.88993,659.1,106471.8536,369.8,24047,479,480,481,482,483
416,38,2016,4556.210542,2384.678141,5259.218275,317.119,28866.01631,297,4902.8,480,481,482,483,484
417,39,2016,11508.083,7421.437,12808.897,695.879,73973.83795,764.1,13720.299,481,482,483,484,485
418,40,2016,2504.53,2391.28,5296.34,292.484,32879.40667,915.2,6286.229843,482,483,484,485,486
419,41,2016,12280.279,9918.357,12852.778,862.464,54112.1903,1458.1,11765.04519,483,484,485,486,487
420,42,2016,15049,5218,17503,1054.047,56333.86331,1215.9,12529.972,484,485,486,487,488
421,43,2016,6187.16287,2123.74896,6027.01142,361.198,34675.06949,627.6,6317.46559,485,486,487,488,489
422,44,2016,14732.58,7194.766,14967.586,715.1679139,77131.6968,947.9,18697.694,486,487,488,489,490
423,45,2016,10930.46,12316.76,12987.97,566.215,62414.51383,671.8,13684.7,487,488,489,490,491
424,46,2016,12098.219,11989.376,12857.514,664.3597233,81504.24169,375.9,16224.411,488,489,490,491,492
425,47,2016,7407,128353,40025,1394.959,292735.2491,256.1,68511.891,489,490,491,492,493
426,48,2016,18676.3,89423,38459.8,1643.73,218891.4385,523.5,50606.897,490,491,492,493,494
427,49,2016,8194.33722,204123.932,27652.42184,607.396,190995.0534,179.2,32060.9,491,492,493,494,495
428,50,2016,4695,198695,474745,4369,1231052.664,161.5,257940,492,493,494,495,496
429,51,2016,11982.38,24456.26,16820.15,965.4,96733.61056,412.7,20190.89,493,494,495,496,497
430,52,2016,20025.65,12168.55,14044.631,1069.571,113288.4831,206.7,24695.59662,494,495,496,497,498
431,53,2016,10327.03263,4701.52112,10405.02564,791.512,57393.49243,166.5,11364,495,496,497,498,499
432,54,2016,10156.28727,6971.09283,8677.90584,578.802,77152.3528,174.1,15841.68,496,497,498,499,500
433,55,2016,9897.188,4892.755,11528.633,598.164,47170.53709,135.9,9080.58,497,498,499,500,501
434,56,2016,16480.91304,9825.08788,15392.88107,964.462,50364.89683,311.8,11697.75365,498,499,500,501,502
435,57,2016,18065.1,6026.8,19177.3,1110.014,47308.42865,332,8289.893,499,500,501,502,503
436,58,2016,22112.063,10368.892,15806.554,918.53,141877.2448,577.6,31384.207,500,501,502,503,504
437,59,2016,5423.716,14402.98,21283.683,709.943,147693.1487,132.4,18822.99953,501,502,503,504,505
438,60,2016,5820.337,4059.269672,7660.753244,434.525,59703.64107,155.9,12454.55201,502,503,504,505,506
439,61,2016,14027.67787,4207.55174,10176.49427,658.2646443,33552.94828,249.3,6738.507048,503,504,505,506,507
440,62,2016,10520.803,3393.029,7053.936,495.865,39991.98834,121.3,9783.363,504,505,506,507,508
441,63,2016,10316.166,10001.653,13702.874,668.389,52873.85663,267,5248.914505,505,506,507,508,509
442,1,2017,13918,156876,457532,3926.6,1461762.976,281.4,257115,506,507,508,509,510
443,2,2017,4513,27980,13964,620.171,111564.1321,113.1,23271.107,507,508,509,510,511
444,3,2017,3948.267062,79625.2064,19138.18831,727.362,309534.4779,71.4,98547,508,509,510,511,512
445,4,2017,6032.20458,44971.49007,30465.25104,705.35,259397.078,486.9,42623.385,509,510,511,512,513
446,5,2017,7862.34583,33106.19798,20399.68688,1048.557,145053.5073,143.3,28482.91013,510,511,512,513,514
447,6,2017,6867.6,53441,56803.6,1096.55,250603.7927,113.1,59281.66605,511,512,513,514,515
448,7,2017,5338.50213,25240.68471,11695.83494,706.509,99203.85885,80.8,21854.739,512,513,514,515,516
449,8,2017,17065.69797,21070.17861,21303.6412,1114.8,151454.818,137.5,34363.46203,513,514,515,516,517
450,9,2017,3463,16494.7,8431.4,479.2819073,88339.13574,72.7,18082.532,514,515,516,517,518
451,10,2017,8476.309,13397.216,14045.317,1040.314,106282.9996,135.2,20652.756,515,516,517,518,519
452,11,2017,3958.456,10533.9,12357.839,571.158,123242.8467,116.6,18687.348,516,517,518,519,520
453,12,2017,3955.657,2728.622,4925.676,512.69,29448.01112,672.62,5520.811,517,518,519,520,521
454,13,2017,2244.272,1872.977,4945.023,345.278,35853.38781,640.7,6501.106,518,519,520,521,522
455,14,2017,1936.64,1044.92,3288.68,208.207,20094.95115,471.7,3239.751,519,520,521,522,523
456,15,2017,4592.493,3856.969,6522.066,468.194,30315.82427,565.94,5597.546,520,521,522,523,524
457,16,2017,3634.308,8694.04,9805.097,433.233,71298.90087,503,14178.119,521,522,523,524,525
458,17,2017,3796.349,4082.11,6687.516,509.319,45212.9897,608.2,8033.409,522,523,524,525,526
459,18,2017,7231.22,39886.2,18131.76,752.957216,213543.2013,332.7,43926.9,523,524,525,526,527
460,19,2017,4052.44,3340.083,8383.063,481.957,36090.12529,722.7,7903.267,524,525,526,527,528
461,20,2017,10355.7,27754.4,12931.6,1053.806,124200.9753,359.9,27785,525,526,527,528,529
462,21,2017,7236.8,11001.3,13151.9,832.2,87853.41731,325.1,16966.98,526,527,528,529,530
463,22,2017,2028.63,2138.85,5820.403,331.757,34950.84684,747.7,5978.410651,527,528,529,530,531
464,23,2017,1531.21,4653.97,4026.74,267.229,25405.49171,539.6,4313.395,528,529,530,531,532
465,24,2017,6648.33,9188.84,9808.46,743.678,68504.94237,1039.4,10967.176,529,530,531,532,533
466,25,2017,5606.94,11199.41,7654.77,540.985,41272.71728,429.9,8921.69,530,531,532,533,534
467,26,2017,15396.27846,27134.25865,31545.15174,2243.456,390229.9748,1025.5,78003.027,531,532,533,534,535
468,27,2017,15969,18955,31146,1894.435,204302.2056,1549.9,40180,532,533,534,535,536
469,28,2017,6083.36,12025.87,14407.62,690.758,237264.2507,530.7,23760.396,533,534,535,536,537
470,29,2017,4231.1,4846.9,10809.5,509.865,51351.16927,754.1,12282.9,534,535,536,537,538
471,30,2017,3756.621,3678.138,8361.801,335.943,44367.43709,401,8471.288,535,536,537,538,539
472,31,2017,3659.318116,8332.347114,13073.50352,602.432,74001.63466,435.6,13797.92576,536,537,538,539,540
473,32,2017,1153,14064,37831,572.517,164627.6703,120.6,27562.723,537,538,539,540,541
474,33,2017,6814,17874,18272,853.493,94103.83938,951.2,16506.863,538,539,540,541,542
475,34,2017,8257.658,23943.778,14475.533,731.007,78268.56507,484.7,16670.991,539,540,541,542,543
476,35,2017,12125,11086.9,16846.5,866.452,102319.1987,551.9,21462,540,541,542,543,544
477,36,2017,5812.2,5709.4,9553.4,506.8,52029.71136,446.7,9302.073,541,542,543,544,545
478,37,2017,5269.37271,11917.49636,23319.89707,675.9,127059.0287,370,26786,542,543,544,545,546
479,38,2017,5307.804866,2525.581486,5682.183339,327.039,31889.32773,307.4,4703.9,543,544,545,546,547
480,39,2017,12194.231,8002.37,13822.267,699.804,84311.05677,764.1,14643.999,544,545,546,547,548
481,40,2017,2650.19,2692.01,5676.1,300.528,38175.85389,915.5,7210.696645,545,546,547,548,549
482,41,2017,13079.80209,10706.21366,13977.39585,873.756,64489.28151,1458.4,13527.52,546,547,548,549,550
483,42,2017,15925,5983,18655,1065.77,67293.49303,1216.1,14239.405,547,548,549,550,551
484,43,2017,6501.40496,2614.30121,6370.99643,364.948,39133.01251,627.7,6476.736501,548,549,550,551,552
485,44,2017,15306.415,8003.234,16384.707,730.8969139,85276.19308,947.7,12635.128,549,550,551,552,553
486,45,2017,10716.68,8619.02,13205.76,570.961,73070.58115,671.6,14289.86,550,551,552,553,554
487,46,2017,12410.628,13719.127,13651.175,684.0044575,94566.77703,376.1,17807.738,551,552,553,554,555
488,47,2017,7637,141959,42584,1456.081,351633.2036,256.2,75941.093,552,553,554,555,556
489,48,2017,19180.9,96477,41672.1,1682.3,259089.5629,523.4,52942.053,553,554,555,556,557
490,49,2017,8450.564193,192778.249,29436.57299,591.685,211951.0338,179.2,32075.77263,554,555,556,557,558
491,50,2017,4974,215521,511505,4453.8,1441894.39,162.2,282514,555,556,557,558,559
492,51,2017,12090.9,28340.5,18008.76,977.3,112584.2493,412.8,21482.5,556,557,558,559,560
493,52,2017,20691.892,14033.923,14909.698,1079.796,134095.6207,206.8,27402.82885,557,558,559,560,561
494,53,2017,11127.99667,4983.19201,11061.86872,798.753,63896.0252,166.6,9844,558,559,560,561,562
495,54,2017,10858.78759,9081.20538,9159.29732,582.709,88681.46649,174,16020.948,559,560,561,562,563
496,55,2017,10116.677,5314.311,12283.409,597.647,53773.12954,135.8,9348.876,560,561,562,563,564
497,56,2017,17029.53446,10467.98559,16502.75265,952.053,59561.57566,311.6,12128.939,561,562,563,564,565
498,57,2017,18374.2,6292.4,20477.6,1066.628,53536.89201,332,8982.775,562,563,564,565,566
499,58,2017,22829.736,11197.004,17044.839,928.533,168386.0219,577.5,34768.915,563,564,565,566,567
500,59,2017,5537.225,15237.613,22815.191,712.28,158485.8087,132.4,19391.40172,564,565,566,567,568
501,60,2017,5711.39595,4120.77949,7796.37038,449.7,68693.48599,156,12465.80973,565,566,567,568,569
502,61,2017,14486.0444,4425.36175,10728.41029,655.2721926,39176.53758,249.5,7577.052525,566,567,568,569,570
503,62,2017,10948.306,3730.539,7581.7,498.752,48857.47917,121.2,11193.837,567,568,569,570,571
504,63,2017,11456,13691,10160,664.852,57710.54859,268.1,7915.024569,568,569,570,571,572
505,1,2018,14260,133972,391864,3987.3,1662841.674,281.5,286183,569,570,571,572,573
506,2,2018,4689,32569,15063,625.67,131273.8112,113.4,26204.978,570,571,572,573,574
507,3,2018,4035.02658,89904.82423,20552.90904,742.42,359097.283,71.5,67584,571,572,573,574,575
508,4,2018,6317.07163,49986.09446,34404.77679,712.5,290992.1333,488.2,46697.235,572,573,574,575,576
509,5,2018,8331.13328,37692.19322,21863.05975,1041.506,167016.4464,143.3,75298.17491,573,574,575,576,577
510,6,2018,7063.7,67902.8,61714.6,1103.155,317053.0743,113.6,81039.51339,574,575,576,577,578
511,7,2018,5519.8459,28249.97291,12573.22582,708.863,116836.0299,81,23407.851,575,576,577,578,579
512,8,2018,18458.64012,27049.24787,23527.42708,1118.2,177184.5713,137.5,34547.50056,576,577,578,579,580
513,9,2018,3510.9,19244.7,9008.1,479.6584431,105726.1694,72.8,22530.166,577,578,579,580,581
514,10,2018,8932.104,15135.498,14961.044,1039.078,123022.4818,135.9,22927.312,578,579,580,581,582
515,11,2018,4063.641,12470.262,13136.004,579.769,133279.7293,116.7,17212.12,579,580,581,582,583
516,12,2018,4002.557,3042.279,5246.321,531.128,34173.04863,677.5,6439.51,580,581,582,583,584
517,13,2018,2292.85,2161.065,5235.661,348.52,40310.36226,641,6544.37,581,582,583,584,585
518,14,2018,1998.12,1075.65,3513.94,214.844,22349.28776,471.9,3424.271,582,583,584,585,586
519,15,2018,4802.897,4246.509,6972.796,474.883,34472.22542,565.8,5921.398,583,584,585,586,587
520,16,2018,3826.048,9883.445,10552.701,439.698,81755.68037,514.5,14607.824,584,585,586,587,588
521,17,2018,3989.669,4402.128,7062.401,518.194,50895.03619,608.2,8314.361,585,586,587,588,589
522,18,2018,7531.3,45159.205,19373.701,760.7429761,233613.4487,332.8,32502.8,586,587,588,589,590
523,19,2018,4114.852,4087.172,8839.988,481.312,43024.53782,722.9,9035.591,587,588,589,590,591
524,20,2018,11031.3,34524,13875.5,1080.131,148427.7554,360.2,31457.8,588,589,590,591,592
525,21,2018,7613.8,12566.9,14069.7,833.9,101503.1296,325.1,18764.566,589,590,591,592,593
526,22,2018,2029.6671,2316.06012,6195.20263,341.26,39820.01051,749.9,6904.013,590,591,592,593,594
527,23,2018,1638.22,4998.75,4228.96,273.376,28626.58897,543.8,4700.213,591,592,593,594,595
528,24,2018,7092.29,9641.09,10400.72,755.82,76136.47702,1054.4,11619.914,592,593,594,595,596
529,25,2018,5870.49,12706.52,8069.14,549.945,48125.90666,429.6,9256.1,593,594,595,596,597
530,26,2018,15996.81237,34552.7624,33704.8731,2263.78,439543.6146,1025.7,72032.952,594,595,596,597,598
531,27,2018,16732,22015,33104,1892.379,236092.6668,1551.1,43685,595,596,597,598,599
532,28,2018,6383.08632,17829.4615,15234.67013,551.608,247047.4452,530.7,23596.794,596,597,598,599,600
533,29,2018,4417.9,5397,11554.6,512.911,61364.388,754.3,13002.9,597,598,599,600,601
534,30,2018,3952.024,4039.631,8963.42,337.162,51099.09292,401.5,9314.742,598,599,600,601,602
535,31,2018,3805.76561,8983.3391,13999.39203,604.662,83671.92016,435.6,13978.684,599,600,601,602,603
536,32,2018,1179,14825,41421,574.557,182145.0984,120.3,27102.103,600,601,602,603,604
537,33,2018,7115,20009,19563,859.978,106159.5452,951.3,17534.461,601,602,603,604,605
538,34,2018,8682.697,27498.858,15240.418,730.541,105618.0185,484.7,31906.274,602,603,604,605,606
539,35,2018,12857.1,12052.8,17999.3,883.306,119971.1427,551.8,23609,603,604,605,606,607
540,36,2018,6146.8,6235.6,10157.6,518.88,59085.06716,447,10084.542,604,605,606,607,608
541,37,2018,5232.92837,12971.65694,25334.46074,679.958,148569.612,369.9,28908,605,606,607,608,609
542,38,2018,5565.02449,2900.32459,6063.6087,328.077,30042.43027,307.6,9.70925,606,607,608,609,610
543,39,2018,12518.942,9716.109,14740.858,706.386,95996.84746,764.2,16594.407,607,608,609,610,611
544,40,2018,2819.94,3059.46,6048.72,306.754,44403.74685,915.8,8450.503214,608,609,610,611,612
545,41,2018,13829.8514,11744.14895,15185.67183,885.302,76746.06221,1458.7,16011.367,609,610,611,612,613
546,42,2018,16748,6322,19911,1076.607,79184.30964,1216.2,15808.665,610,611,612,613,614
547,43,2018,6811.593,2751.68073,6853.16757,366.74,43484.75518,627.6,6630.079,611,612,613,614,615
548,44,2018,16167.499,8638.128,17867.45,747.5359139,93580.15123,948,13268.765,612,613,614,615,616
549,45,2018,11480.27,9821.88,13874.83,573.586,84496.38888,671.1,15680,613,614,615,616,617
550,46,2018,12444.552,15864.398,14581.219,667.5204439,109268.4945,376.4,20207.425,614,615,616,617,618
551,47,2018,7851,154952,45974,1533.23,416967.3266,256.2,85806.319,615,616,617,618,619
552,48,2018,19911.7,106653.3,44636,1624.64,302726.7948,523.2,58721.508,616,617,618,619,620
553,49,2018,8746.4,190073.337,31121.6,596.751,230588.1396,179.3,30976.96187,617,618,619,620,621
554,50,2018,5232,233105,553124,4571.1,1689557.844,162.4,331611,618,619,620,621,622
555,51,2018,12544.79,32895.36,19293.23,986.8,130840.8788,412.7,24811.32,619,620,621,622,623
556,52,2018,21583.742,15609.47,15840.592,1109.334,156349.1657,206.6,30060.63429,620,621,622,623,624
557,53,2018,11737.26642,5677.45792,11808.21906,808.543,71162.97847,166.6,10987,621,622,623,624,625
558,54,2018,11626.48254,10357.50655,9797.01477,574.975,98965.02854,174.3,15446.625,622,623,624,625,626
559,55,2018,10443.013,5775.5,13065.221,600.843,59982.26598,135.9,9339.825,623,624,625,626,627
560,56,2018,18123.42457,11371.22517,17518.05992,944.439,69602.07394,311.6,13508.192,624,625,626,627,628
561,57,2018,18956.8,6939.8,21755.6,1057.267,62082.26628,332,11662.309,625,626,627,628,629
562,58,2018,23938.29,12014.95,18313.61,919.814,192994.2276,577.7,34411.693,626,627,628,629,630
563,59,2018,5851.585,16985.674,24382.889,717.624,169441.082,132.4,20182.36706,627,628,629,630,631
564,60,2018,5909.0787,4582.8303,8245.62844,443.4,77614.92789,155.9,12920.79832,628,629,630,631,632
565,61,2018,15292.77342,4801.95952,11381.4613,649.5084747,45601.70883,249.4,8706.04162,629,630,631,632,633
566,62,2018,11632.726,4288.359,8152.897,502.605,59059.75132,122.5,13046.77,630,631,632,633,634
567,63,2018,12281,14068,10823,672.622,64726.5989,268.4,10375.97665,631,632,633,634,635
568,1,2019,14247,146914,422858,4048.7,1878530.508,283.97072,312500,632,633,634,635,636
569,2,2019,4557,36294,16350,636.928,154088.4145,113.0469256,30457.406,633,634,635,636,637
570,3,2019,3713.84759,90160,22021,759.625,391225.5259,71.48804,53035,634,635,636,637,638
571,4,2019,6354.14702,57878.90714,38698.72074,716.5,328488.7676,519.10758,54438.288,635,636,637,638,639
572,5,2019,8066.11944,42489.43311,23370.18677,939.429,197704.6962,142.744,81829.45873,636,637,638,639,640
573,6,2019,7172.6,85023.4,68836.9,1090.666,408002.8226,115.369,109408.6783,637,638,639,640,641
574,7,2019,5674.50281,31466.39106,13502.46923,713.578,134997.0504,80.0014,24963.251,638,639,640,641,642
575,8,2019,19361.886,33126.678,26201.731,1121.9,203380.8522,136.657,36512.02254,639,640,641,642,643
576,9,2019,3561.7,22222.6,9710.8,471.012,123143.2415,72.79706185,23572.483,640,641,642,643,644
577,10,2019,9221.672,17125.892,15995.1,1039.842,141337.8521,135.31473,25477.778,641,642,643,644,645
578,11,2019,4154.365,15340.891,14239.071,579.142,145134.5445,116.95974,19614.403,642,643,644,645,646
579,12,2019,4141.66,3393.921,5594.409,528.004,39615.08196,701.82352,7431.599,643,644,645,646,647
580,13,2019,2337.32,2176.284,5574.667,346.502,44944.84526,646.63573,6981.365,644,645,646,647,648
581,14,2019,2050.06,1165.96,3746.38,153.388,24539.92517,473.00732,3491.82,645,646,647,648,649
582,15,2019,5026.514,4580.71,7466.047,483.641,39084.97459,569.64245,6619.733,646,647,648,649,650
583,16,2019,4187.727,11547.856,11353.524,445.725,92867.04388,558.02915,15871.205,647,648,649,650,651
584,17,2019,4190.876,4860.103,7472.868,519.91,57784.17813,639.56118,9852.267,648,649,650,651,652
585,18,2019,7793.398,50099.635,20656.154,766.388,248554.7001,336.4613,28542.3,649,650,651,652,653
586,19,2019,4053.364,4696.056,9398.132,487.326,50918.78266,756.5139,10399.147,650,651,652,653,654
587,20,2019,10558.3,43638,14856.6,955.828,177312.9447,363.79527,37526.7,651,652,653,654,655
588,21,2019,7899.5,14486.4,15199,840.2,115913.9284,324.34502,20320.343,652,653,654,655,656
589,22,2019,2088.67702,2300.69227,6566.36325,350.767,44724.91995,896.93289,7223.243,653,654,655,656,657
590,23,2019,1730.61,4524.91,4441.48,281.988,31902.41093,630.80993,4942.471,654,655,656,657,658
591,24,2019,7256.15,8130.18,11053.98,640.155,83383.77532,1102.76507,11679.988,655,656,657,658,659
592,25,2019,6108.11,12142.91,8587.38,456.454,56091.1912,437.1016,10767.19,656,657,658,659,660
593,26,2019,16386.31755,43983.66135,36184.44548,2295.019,497097.8617,1032.32359,83144.615,657,658,659,660,661
594,27,2019,17595,23708,35352,1904.362,269461.2772,1580.90166,47114,658,659,660,661,662
595,28,2019,6313.87577,20823.7716,16191.67603,546.877,250497.881,546.23948,17833.616,659,660,661,662,663
596,29,2019,4593.3,5852.3,12424.5,510.643,71688.83398,760.16823,13897.1,660,661,662,663,664
597,30,2019,4193.637,4618.309,9526.855,340.414,59458.98361,436.05826,11334.896,661,662,663,664,665
598,31,2019,3650.18543,9899.47517,15154.92473,597.469,93823.04458,440.79338,15022.53,662,663,664,665,666
599,32,2019,1206,15368,44956,586.248,198492.5974,122.47562,26952.044,663,664,665,666,667
600,33,2019,7235,20808,20670,871.737,122726.523,1009.79241,22747.62,664,665,666,667,668
601,34,2019,8812.363,18716.914,15011.645,725.599,127339.6932,491.62508,27870.789,665,666,667,668,669
602,35,2019,13263.4,13029.9,19481.4,828.602,139480.385,565.62979,26494,666,667,668,669,670
603,36,2019,6353.8,7152.9,10792.1,510.13,69013.25292,462.78525,13368.137,667,668,669,670,671
604,37,2019,5326.57306,14202.72552,28110.88614,671.917,171041.8424,423.06935,31122,668,669,670,671,672
605,38,2019,5914.01805,4248.69129,6536.28013,328.757,28309.09966,312.9339,15.74916,669,670,671,672,673
606,39,2019,12860.839,11867.597,15999.494,695.922,112844.9017,766.16552,22437.021,670,671,672,673,674
607,40,2019,3012.055,3449.836,6450.951,286.042,51483.94813,946.73125,9665.401425,671,672,673,674,675
608,41,2019,14569.89,12973.401,16520.492,898.643,89729.28275,1476.34408,17451.40048,672,673,674,675,676
609,42,2019,17548,6345,21314,1095.012,92076.74916,1256.85622,17502.575,673,674,675,676,677
610,43,2019,7222.741,2815.616,7324.303,359.363,47504.67852,632.21763,6551.6195,674,675,676,677,678
611,44,2019,17146.038,8602.108,19556.264,764.3121526,101940.6413,951.37786,13808.756,675,676,677,678,679
612,45,2019,12299.38,11748.02,14830.36,567.476,94225.26247,670.47668,14648.28,676,677,678,679,680
613,46,2019,12559.827,18771.657,15528.448,678.583,127441.2547,376.2467,24534.40644,677,678,679,680,681
614,47,2019,8071,173043,50287,1594.226,487651.8683,260.51967,94960.511,678,679,680,681,682
615,48,2019,20408.5,119623.7,47749.5,1726.5,349520.0144,522.17677,64418.069,679,680,681,682,683
616,49,2019,8964.22,187784.964,33317.776,612.172,247794.5585,180.40224,30631.33313,680,681,682,683,684
617,50,2019,5268,247969,602124,4692.6,1937036.253,164.17101,345845,681,682,683,684,685
618,51,2019,13021.01,37519.83,20629.75,1001.5,150707.7415,401.2588,27484.46,682,683,684,685,686
619,52,2019,22095.276,16395.653,16894.769,1096.544,177779.8237,205.9403688,30533.35578,683,684,685,686,687
620,53,2019,12062.394,6259.572,12618.013,815.614,78486.84742,163.27183,11467,684,685,686,687,688
621,54,2019,11905.41675,12885.99769,10491.84646,549.145,113108.3794,168.7183118,19905.126,685,686,687,688,689
622,55,2019,10904.813,6469.608,13856.911,607.559,66271.17054,135.992,9781.091,686,687,688,689,690
623,56,2019,18745.04546,12354.00582,18739.81125,934.17,79141.35825,307.05277,13591.539,687,688,689,690,691
624,57,2019,19887.8,7773.6,23213.1,972.159,70812.63516,330.08854,12344.818,688,689,690,691,692
625,58,2019,24708.467,12972.71,19431.924,877.837,209705.5558,575.34906,27947.513,689,690,691,692,693
626,59,2019,5893.477,17694.18295,26213.37941,700.208,176193.2445,132.22981,16617.07572,690,691,692,693,694
627,60,2019,6175.39365,5235.43228,8760.84479,397.82,86582.84388,156.48301,13486.68157,691,692,693,694,695
628,61,2019,15987.73343,5171.94619,12134.797,639.878,52221.90823,248.8401456,9275.145268,692,693,694,695,696
629,62,2019,12336.505,5117.299,9194.821,507.633,71934.72597,127.1862,16313.452,693,694,695,696,697
630,63,2019,12673.6,14993.14,11642.94,677.617,72544.3894,308.55095,11586.1935,694,695,696,697,698
631,1,2020,14894,156433,439073,4042.6,2107163.869,284,338002,632,633,634,635,636
632,2,2020,4705,38055,16610,622.388,176640.5054,113,31523.167,633,634,635,636,637
633,3,2020,3649.930615,93973.07604,22219.10443,758.681,420326.2524,71.6,51878,634,635,636,637,638
634,4,2020,6617.21194,64532.09499,41125.69857,673.5,366680.7449,519.8,57316.697,635,636,637,638,639
635,5,2020,8653,43664,23427,920.748,226469.2664,142.7,40275,636,637,638,639,640
636,6,2020,7344.4,98422.4,72766.7,1054.805,478915.8814,115.6,94667.11183,637,638,639,640,641
637,7,2020,5868.22928,33892.41778,14116.32374,705.199,153300.143,80.1,26162.66345,638,639,640,641,642
638,8,2020,22508,34644.302,27631.919,1124.7,226779.2135,136.9,35239.25869,639,640,641,642,643
639,9,2020,3670.4,24386.2,10006.2,471.378,140466.7551,73.2,24492.952,640,641,642,643,644
640,10,2020,9589.817,18483.291,16570.83,1010.898,160823.0338,135.4,27713.916,641,642,643,644,645
641,11,2020,4277.302,17078.67,14797.688,556.952,153964.2475,117,17279.482,642,643,644,645,646
642,12,2020,4334.347,3334.315,5751.596,524.426,45364.9194,702.4,8056.24,643,644,645,646,647
643,13,2020,2385.01,2381.529,5819.879,345.914,49416.3522,646.5,7088.21,644,645,646,647,648
644,14,2020,2126.11,1221.28,3883.28,141.056,26668.93299,473,3557.73,645,646,647,648,649
645,15,2020,5257.91,5036.42,7731.36,474.344,44340.93904,569.8,7531.504,646,647,648,649,650
646,16,2020,4473.764,13007.059,11537.256,448.917,103761.9493,549.1,16301.654,647,648,649,650,651
647,17,2020,4403.726,5408.197,7777.95,517.765,65344.33106,639.5,10924.366,648,649,650,651,652
648,18,2020,8116.7,52484.3,21281.9,757.957,266961.6671,336.4,32877.9,649,650,651,652,653
649,19,2020,4231.3,4782.114,9725.472,479.69,58373.16908,756.6,10418.894,650,651,652,653,654
650,20,2020,11546.4,51489.3,15275.7,966.896,208472.6291,363.8,41482.9,651,652,653,654,655
651,21,2020,8237,15117.1,15859.6,842.7,130650.095,324.3,21484.712,652,653,654,655,656
652,22,2020,2134.80364,2463.88318,6622.81216,359.009,50540.38,897,8419.359,653,654,655,656,657
653,23,2020,1827.88,5230.05,4608.22,287.032,36032.78751,646.5,5987.745,654,655,656,657,658
654,24,2020,7644.16,8993.76,11541.99,625.771,89839.76862,1103.9,11310.623,655,656,657,658,659
655,25,2020,6389.95,12621.53,8792.87,445.176,64384.45436,437.1,11558.91,656,657,658,659,660
656,26,2020,16881.98635,48860.12794,36860.0433,2190.365,560258.5285,1033,92101.861,657,658,659,660,661
657,27,2020,18481,25585,36342,1906.338,302924.1567,1580.6,49151,658,659,660,661,662
658,28,2020,6721.38145,20838.57255,16270.1468,487.704,253410.513,546.2,17496.69754,659,660,661,662,663
659,29,2020,4823.8,6272.7,12479.8,489.814,82264.28746,760.3,14749.2,660,661,662,663,664
660,30,2020,4267.638,4989.542,9742.251,336.317,69031.39484,436,13034.132,661,662,663,664,665
661,31,2020,3720.70139,10510.51078,15071.77229,561.242,104987.1203,440.9,16626.483,662,663,664,665,666
662,32,2020,1238,13457,42401,534.429,211316.3998,122.4,24380.104,663,664,665,666,667
663,33,2020,7498,20128,18985,859.679,135356.4351,1009.9,19775.089,664,665,666,667,668
664,34,2020,9085.7566,18786.08587,14491.38005,664.89,139500.1201,491.7,19574.184,665,666,667,668,669
665,35,2020,13658.7,14168.3,19554,831.398,160885.793,565.8,29526,666,667,668,669,670
666,36,2020,6490,7758.4,10986.4,497.89,76715.39757,462.8,11720.118,667,668,669,670,671
667,37,2020,5139.42769,14833.99393,23204.6573,642.509,195423.9484,423,34340.216,668,669,670,671,672
668,38,2020,5997.5698,5823.27537,6704.90761,318.361,26680.82495,313.5,19.89,669,670,671,672,673
669,39,2020,13319.062,13285.961,16012.599,688.203,127863.508,766.3,21588.472,670,671,672,673,674
670,40,2020,3239.97,3807.084,6730.036,289.908,59454.90301,946.9,10968.36657,671,672,673,674,675
671,41,2020,15431.083,13837.711,17611.226,884.298,100619.0653,1476,16113.84966,672,673,674,675,676
672,42,2020,18805,6781,22001,1079.722,113043.4078,1256.9,26327.396,673,674,675,676,677
673,43,2020,7581,3013,7631,363.752,51535.58816,631.7,6796.647,674,675,676,677,678
674,44,2020,18125.795,8736.476,19411.314,779.59,110476.914,951.4,14471.289,675,676,677,678,679
675,45,2020,13450.14,13080.56,15027.43,577.406,105018.228,670.4,16278.79,676,677,678,679,680
676,46,2020,12728.811,20236.918,15679.661,676.963,144715.6,376.1,24694.01538,677,678,679,680,681
677,47,2020,8350,185940,52791,1594.373,557365.7978,260.5,98105.175,678,679,680,681,682
678,48,2020,21153,127113.6,48398.4,1724.39,396197.5919,522.1,67026.743,679,680,681,682,683
679,49,2020,9141.1,172270.5,32172.4,577.656,273297.8309,180.5,39929.94973,680,681,682,683,684
680,50,2020,5192,247821,614764,4589.8,2141974.392,164,317713,681,682,683,684,685
681,51,2020,13365.26,40375.35,21438.4,995.4,172232.8493,403,30299.36,682,683,684,685,686
682,52,2020,21595.383,16969.444,17096.926,1074.334,201746.8888,206,34317.4625,683,684,685,686,687
683,53,2020,11548.242,6503.739,13004.362,815.257,86905.31841,163.3,12988,684,685,686,687,688
684,54,2020,11618.182,14154.61042,10596.243,543.67,126324.6569,168.8,19801.483,685,686,687,688,689
685,55,2020,12183.649,6380.774,14100.162,589.489,72373.05609,136.4,9960.214,686,687,688,689,690
686,56,2020,19332.11041,13020.96339,18768.30374,924.122,87695.61241,307,13161.889,687,688,689,690,691
687,57,2020,20453.1,8291.3,23590.8,962.359,80436.30661,330,13746.4054,688,689,690,691,692
688,58,2020,25747.622,13795.917,19711.131,871.794,221654.9932,575.4,24158.561,689,690,691,692,693
689,59,2020,6025.12302,16147.36602,26207.56035,693.317,181213.2882,132.2,15278.07,690,691,692,693,694
690,60,2020,6370.97316,5675.68467,8884.07733,387.032,96471.51341,156.4,14929.55,691,692,693,694,695
691,61,2020,15916.06872,5823.54443,12076.97322,629.637,59726.56407,248.8,10545.03181,692,693,694,695,696
692,62,2020,12770.75,5511.954,9451.356,482.82,85321.54154,127.2,17574.878,693,694,695,696,697
693,63,2020,13230.61,14669.11,12053.12,634.951,79551.53082,308.7,11230.69865,694,695,696,697,698
694,1,2021,15409,162453,450958,3839.7,2314910.124,284,330426,695,696,697,698,699
695,2,2021,4931,42993,17101,570.048,198720.2965,113,32363.857,696,697,698,699,700
696,3,2021,3776.674058,101699.0956,22691.09338,746.344,437545.7255,71.6,41691,697,698,699,700,701
697,4,2021,6915.381192,73944.67761,43639.85226,654.4,408630.4853,519.6,63298.009,698,699,700,701,702
698,5,2021,9238.04,49501.107,23605,930.063,248492.1543,142.7,35208,699,700,701,702,703
699,6,2021,7453.5,117165.4,76500.8,1011.458,568420.6529,115.6,117387.4051,700,701,702,703,704
700,7,2021,6034.07182,36832.8196,14636.16295,668.534,167980.5231,80.1,23605.56276,701,702,703,704,705
701,8,2021,22940,40160,29137,1126.894,251870.9561,136.8,38294.89985,702,703,704,705,706
702,9,2021,3737.4,27427.6,10265.2,474.692,157774.8963,73.3,25486.16,703,704,705,706,707
703,10,2021,9929.278,20813.674,17434.96,1043.198,181376.2981,135.3,29916.432,704,705,706,707,708
704,11,2021,4395.931,18042.136,15418.055,481.645,163784.4475,117.3,18784.047,705,706,707,708,709
705,12,2021,4538.005,3614.242,5956.145,350.517,50566.05248,704.5,7842.293,706,707,708,709,710
706,13,2021,2458.281,2437.249,6024.134,350.364,52501.48059,646.4,5962.164,707,708,709,710,711
707,14,2021,2202.7,1285.56,4008.92,140.081,28836.6993,473.1,3720.44,708,709,710,711,712
708,15,2021,5536.6,5330.92,8145.08,366.6,49845.63759,569.8,8086.242,709,710,711,712,713
709,16,2021,4728.376,13834.573,11978.982,375.977,112376.1717,561.6,14655.27579,710,711,712,713,714
710,17,2021,4639.835,6047.569,8161.103,360.771,73305.7745,639.6,11765.811,711,712,713,714,715
711,18,2021,8461.1,56262.2,22493.3,590.136,287051.0746,336.6,35632,712,713,714,715,716
712,19,2021,4479.365,5227.493,10275.666,299.976,66893.55976,757.6,11918.895,713,714,715,716,717
713,20,2021,12040.9,56651.3,15802.3,945.302,240369.8869,363.9,44034.6,714,715,716,717,718
714,21,2021,8502.8,16717.4,16340.9,845.2,146855.0522,324.5,23811.447,715,716,717,718,719
715,22,2021,2226.73119,2737.32299,6929.78714,299.617,57485.59814,897,9887.695,716,717,718,719,720
716,23,2021,1905.2,5373.43,4768.83,240.3,40611.00026,650.4,6676.053,717,718,719,720,721
717,24,2021,8193.68,8607.2,11936.55,550.071,96583.80796,1111.6,11974.539,718,719,720,721,722
718,25,2021,6696.79,12612.8,9122.76,464.174,70993.46112,437,10357.49,719,720,721,722,723
719,26,2021,17486.23474,56511.80923,38181.77122,2148.502,620232.8203,1032.9,92592.72,720,721,722,723,724
720,27,2021,19514,29061,36802,1590.658,338194.8168,1580.9,52907,721,722,723,724,725
721,28,2021,6975.294,22838.47056,16157.02383,489.598,255786.1236,546.2,17129.2506,722,723,724,725,726
722,29,2021,4984.7,6711.4,13002,419.326,93386.9347,760.2,15912.1,723,724,725,726,727
723,30,2021,4396.313,5725.401,10098.993,321.345,83520.59126,436.1,18508.226,724,725,726,727,728
724,31,2021,3855.480031,11323.87547,15312.37827,560.348,115673.7371,440.9,16799,725,726,727,728,729
725,32,2021,1208,13171,42928,534.865,219803.2023,122.4,20789.71,726,727,728,729,730
726,33,2021,7765,21694,19052,790.2,148096.7178,1007.7,20620.777,727,728,729,730,731
727,34,2021,9448.83771,20656.76903,14232.15741,657.701,146786.3711,491.8,15407.992,728,729,730,731,732
728,35,2021,14061,15371.5,19843.5,814.058,183247.9714,565.9,31729,729,730,731,732,733
729,36,2021,6616.6,7632.5,11060.5,451.15,84675.59993,462.7,12426.597,730,731,732,733,734
730,37,2021,5358.847548,14464.36661,20696.63749,591.961,218654.3045,422.2,34608,731,732,733,734,735
731,38,2021,6356.48339,7202.29745,6706.30673,315.1625913,25145.30281,313.3,17.8439,732,733,734,735,736
732,39,2021,13956.202,14279.762,15599.863,669.584,144960.6162,766.2,24541.362,733,734,735,736,737
733,40,2021,3426.41,4265.62,6983.38,313.5531289,68341.03803,947,12347.61822,734,735,736,737,738
734,41,2021,12902.647,10714.417,17426.06,909.431,136399.4296,1477.4,41638.43806,735,736,737,738,739
735,42,2021,19551,8000,22537,1110.971,133242.5169,1259.7,26780.532,736,737,738,739,740
736,43,2021,7918,4096,7778,386.762,57850.57696,631.8,9315.407,737,738,739,740,741
737,44,2021,18996.189,9285.545,19053.869,786.655,119199.8423,951.4,15154.929,738,739,740,741,742
738,45,2021,13962.94,15393.72,14978.51,583.4,115936.8236,508.6,17032.79,739,740,741,742,743
739,46,2021,12993.817,20497.516,15221.66,639.3944746,158587.2069,376.1,22296.99477,740,741,742,743,744
740,47,2021,8518,193965,51870,1620.423,615635.8783,349.1,90720.093,741,742,743,744,745
741,48,2021,21787.6,131198.7,47626.3,1719.64,440357.8922,522.1,67227.049,742,743,744,745,746
742,49,2021,9316.2,160605.1,30343.2,564.945,291641.8395,180.4,34255.49444,743,744,745,746,747
743,50,2021,4471,210624,600017,4331.5,2213454.967,164,196187,744,745,746,747,748
744,51,2021,13753.61,40842.84,21336.76,972,187976.1485,402.7,25770.75,745,746,747,748,749
745,52,2021,21954.907,16779.566,16692.885,983.223,225548.3757,205.9,35547.25436,746,747,748,749,750
746,53,2021,11905.423,6312.603,12972.427,761.098,95847.66337,163.2,14002,747,748,749,750,751
747,54,2021,11681.218,12900.9304,10362.47268,517.027,135910.7875,168.7,16940.792,748,749,750,751,752
748,55,2021,11975.553,5886.376,13394.285,567.839,77630.25695,136.3,9470.783,749,750,751,752,753
749,56,2021,19848.24286,12103.03863,18216.22048,869.1,94051.0212,306.9,11461.075,750,751,752,753,754
750,57,2021,20570.3,8549.9,23756.6,883.7410724,84899.37847,330.4,9146.099,751,752,753,754,755
751,58,2021,25986.458,14106.075,19737.825,878.051,234827.5756,575.7,26077.406,752,753,754,755,756
752,59,2021,6092.57637,14419.35401,26415.49042,562.845,187145.2512,132.3,16482.25779,753,754,755,756,757
753,60,2021,6628.26743,5977.68488,8962.72962,374.221,102721.0875,156.1,11866.176,754,755,756,757,758
754,61,2021,15951.42347,6074.98045,12170.02182,596.9,68892.76867,249,12643.504,755,756,757,758,759
755,62,2021,13169.439,6308.431,9670.627,470.708,101487.5365,127.5,21133.442,756,757,758,759,760
756,63,2021,13626.49,13269.74,11940.79,583.264,88680.27034,309.3,13760.25473,757,758,759,760,761
