Firms,4,,Text can be added to columns D and E of any command row.,,,,,
Periods,2,,,,,,,
Inputs,2,,,,,,,
Outputs,1,,,,,,,
Prices,,,,,,,,
Paasche,,,These last two commands instruct DPIN to compute Paasche indexes,,,,,
CRS,,,(and associated measures of RAE and CAE) under the assumption of CRS.,,,,,
end,,,,,,,,
Obs,Firm,Period,q,x1,x2,p,w1,w2
1,1,1,30,60,120,3,6,12
2,2,1,20,60,30,2,6,3
3,3,1,20,20,60,2,2,6
4,4,1,10,50,20,1,5,2
5,1,2,30,60,120,2,2,6
6,2,2,20,60,30,2,2,6
7,3,2,20,20,60,2,2,6
8,4,2,10,40,20,2,2,6
